task-id|run-number|rawfile-number
0 3875 0
0 3875 1
0 3876 0
0 3877 0
0 3878 0
0 3879 0
0 3880 0
0 3882 0
0 3883 0
0 3884 0
0 3885 0
0 3886 0
0 3887 0
0 3888 0
0 3889 0
0 3891 0
0 3892 0
0 3893 0
0 3894 0
0 3895 0
0 3896 0
0 3897 0
0 3898 0
0 4000 0
0 4001 0
0 4002 0
0 4003 0
0 4004 0
0 4005 0
0 4006 0
0 4007 0
0 4008 0
0 4009 0
0 4010 0
0 4011 0
0 4012 0
0 4013 0
0 4014 0
1 4016 0
1 4017 0
1 4018 0
1 4019 0
1 4020 0
2 4022 0
2 4023 0
2 4024 0
2 4025 0
2 4026 0
2 4027 0
2 4028 0
3 4030 0
3 4031 0
3 4032 0
3 4033 0
3 4034 0
3 4035 0
3 4036 0
3 4037 0
3 4038 0
3 4039 0
4 4041 0
4 4042 0
4 4043 0
4 4044 0
4 4045 0
4 4046 0
4 4047 0
4 4048 0
4 4049 0
4 4050 0
4 4051 0
5 4053 0
5 4054 0
5 4055 0
5 4056 0
5 4057 0
5 4058 0
5 4059 0
5 4060 0
6 4062 0
6 4063 0
6 4064 0
6 4065 0
6 4066 0
6 4067 0
6 4068 0
6 4069 0
6 4070 0
6 4071 0
6 4072 0
6 4073 0
7 4075 0
7 4076 0
8 4078 0
8 4079 0
9 4081 0
9 4082 0
9 4083 0
9 4084 0
9 4085 0
10 4087 0
10 4088 0
10 4089 0
10 4091 0
10 4092 0
10 4093 0
10 4094 0
10 4095 0
10 4096 0
10 4097 0
10 4098 0
10 4099 0
10 4100 0
10 4102 0
10 4103 0
10 4104 0
10 4105 0
10 4106 0
10 4107 0
10 4108 0
10 4109 0
10 4110 0
10 4111 0
10 4112 0
10 4113 0
10 4114 0
10 4115 0
10 4116 0
10 4117 0
10 4118 0
10 4119 0
10 4120 0
10 4121 0
10 4122 0
10 4123 0
10 4124 0
10 4125 0
10 4126 0
10 4127 0
10 4128 0
10 4129 0
10 4130 0
10 4131 0
10 4132 0
10 4133 0
10 4133 1
10 4133 2
10 4134 0
10 4135 0
10 4136 0
10 4137 0
10 4138 0
10 4139 0
10 4140 0
10 4141 0
10 4142 0
10 4143 0
10 4144 0
10 4145 0
10 4146 0
10 4147 0
10 4147 1
10 4148 0
10 4149 0
10 4150 0
10 4151 0
10 4152 0
10 4153 0
10 4154 0
10 4155 0
10 4155 1
10 4155 2
10 4155 3
10 4156 0
10 4156 1
10 4157 0
10 4157 1
10 4157 2
10 4157 3
10 4157 4
10 4157 5
10 4157 6
10 4157 7
10 4157 8
10 4157 9
10 4157 10
10 4157 11
10 4157 12
10 4157 13
10 4157 14
10 4157 15
10 4157 16
10 4157 17
10 4157 18
10 4157 19
10 4157 20
10 4157 21
10 4157 22
10 4157 23
10 4157 24
10 4157 25
10 4157 26
10 4157 27
10 4157 28
10 4157 29
10 4157 30
10 4157 31
10 4157 32
10 4157 33
10 4157 34
10 4157 35
10 4157 36
10 4157 37
10 4157 38
10 4157 39
10 4157 40
10 4157 41
10 4157 42
10 4157 43
10 4158 0
10 4159 0
11 4161 0
11 4161 1
11 4162 0
11 4162 1
11 4162 2
11 4162 3
11 4162 4
11 4162 5
11 4162 6
11 4162 7
11 4162 8
11 4162 9
11 4162 10
11 4162 11
11 4162 12
11 4162 13
11 4162 14
11 4162 15
11 4162 16
11 4162 17
11 4162 18
11 4162 19
11 4162 20
11 4162 21
11 4162 22
11 4162 23
11 4162 24
11 4162 25
11 4162 26
11 4162 27
11 4162 28
11 4162 29
11 4162 30
11 4162 31
11 4162 32
11 4162 33
11 4162 34
11 4162 35
11 4162 36
11 4162 37
11 4162 38
11 4162 39
11 4162 40
11 4162 41
11 4162 42
11 4162 43
11 4162 44
11 4162 45
11 4162 46
11 4162 47
11 4162 48
11 4162 49
11 4162 50
11 4162 51
11 4162 52
11 4163 0
11 4163 1
11 4163 2
11 4163 3
11 4163 4
11 4163 5
11 4163 6
12 4165 0
12 4166 0
12 4166 1
12 4167 0
12 4168 0
12 4168 1
12 4168 2
12 4168 3
12 4168 4
12 4168 5
12 4168 6
12 4168 7
12 4168 8
12 4168 9
12 4169 0
12 4170 0
12 4170 1
12 4171 0
12 4171 1
12 4171 2
12 4172 0
12 4172 1
12 4172 2
12 4172 3
12 4172 4
12 4173 0
12 4174 0
12 4175 0
12 4176 0
12 4176 1
12 4177 0
12 4177 1
12 4177 2
12 4177 3
12 4177 4
12 4177 5
13 4179 0
13 4179 1
13 4179 2
13 4179 3
13 4180 0
13 4181 0
13 4181 1
13 4181 2
13 4181 3
13 4182 0
13 4183 0
13 4184 0
13 4184 1
13 4184 2
13 4184 3
13 4184 4
13 4185 0
13 4185 1
13 4185 2
13 4185 3
13 4185 4
13 4185 5
13 4185 6
13 4186 0
13 4186 1
13 4186 2
13 4187 0
13 4187 1
13 4187 2
13 4188 0
13 4188 1
13 4188 2
13 4188 3
13 4188 4
13 4188 5
13 4188 6
13 4188 7
13 4188 8
13 4188 9
13 4188 10
13 4188 11
13 4188 12
13 4189 0
13 4189 1
13 4189 2
13 4189 3
13 4190 0
13 4190 1
13 4190 2
13 4190 3
13 4190 4
13 4190 5
13 4190 6
13 4190 7
13 4190 8
13 4191 0
13 4191 1
13 4191 2
13 4191 3
13 4192 0
13 4193 0
13 4194 0
13 4195 0
13 4195 1
13 4195 2
13 4195 3
14 4197 0
14 4197 1
14 4197 2
14 4197 3
14 4197 4
14 4198 0
14 4199 0
14 4199 1
14 4199 2
14 4199 3
14 4199 4
14 4199 5
14 4200 0
14 4200 1
14 4200 2
14 4200 3
14 4200 4
14 4200 5
14 4200 6
14 4200 7
14 4200 8
15 4202 0
15 4202 1
15 4202 2
15 4202 3
15 4202 4
15 4202 5
15 4202 6
15 4202 7
15 4202 8
15 4203 0
15 4203 1
15 4203 2
15 4203 3
15 4203 4
15 4203 5
15 4203 6
15 4203 7
15 4203 8
15 4203 9
16 4205 0
16 4205 1
16 4205 2
16 4205 3
16 4205 4
16 4205 5
16 4205 6
16 4205 7
16 4205 8
16 4205 9
16 4205 10
16 4205 11
16 4205 12
16 4205 13
16 4205 14
17 4207 0
17 4207 1
17 4207 2
17 4207 3
17 4207 4
17 4207 5
17 4207 6
17 4207 7
17 4207 8
17 4207 9
17 4207 10
17 4207 11
17 4207 12
17 4207 13
17 4207 14
17 4207 15
18 4209 0
18 4209 1
18 4209 2
18 4209 3
18 4209 4
18 4209 5
18 4209 6
18 4209 7
18 4209 8
18 4209 9
18 4210 0
18 4210 1
18 4210 2
18 4210 3
18 4210 4
18 4210 5
18 4210 6
18 4210 7
18 4210 8
18 4210 9
18 4210 10
19 4212 0
19 4212 1
19 4212 2
19 4212 3
19 4212 4
19 4212 5
19 4212 6
19 4212 7
19 4212 8
19 4212 9
19 4213 0
19 4213 1
19 4213 2
19 4213 3
19 4213 4
19 4213 5
19 4213 6
19 4213 7
19 4213 8
19 4213 9
20 4215 0
20 4215 1
20 4215 2
20 4215 3
20 4215 4
20 4215 5
20 4215 6
20 4215 7
20 4215 8
20 4215 9
20 4215 10
20 4216 0
20 4216 1
20 4216 2
20 4216 3
20 4216 4
20 4216 5
20 4216 6
20 4216 7
20 4216 8
20 4216 9
21 4218 0
21 4218 1
21 4218 2
21 4218 3
21 4218 4
21 4218 5
21 4218 6
21 4218 7
21 4218 8
21 4218 9
21 4219 0
21 4219 1
21 4219 2
21 4219 3
21 4219 4
21 4219 5
21 4219 6
21 4219 7
21 4219 8
21 4219 9
22 4221 0
22 4222 0
22 4222 1
22 4223 0
22 4224 0
22 4224 1
22 4224 2
22 4225 0
22 4225 1
22 4225 2
22 4225 3
22 4225 4
22 4225 5
22 4225 6
22 4225 7
22 4225 8
23 4227 0
23 4227 1
23 4227 2
23 4227 3
23 4227 4
23 4227 5
23 4227 6
23 4227 7
23 4227 8
23 4228 0
23 4228 1
23 4228 2
23 4228 3
23 4228 4
23 4228 5
23 4228 6
23 4228 7
23 4228 8
24 4230 0
24 4230 1
24 4230 2
24 4230 3
24 4230 4
24 4230 5
24 4230 6
24 4230 7
24 4230 8
24 4230 9
24 4230 10
24 4231 0
24 4231 1
24 4231 2
24 4231 3
24 4231 4
24 4231 5
24 4231 6
24 4231 7
24 4231 8
24 4231 9
25 4233 0
25 4233 1
25 4233 2
25 4233 3
25 4233 4
25 4233 5
25 4233 6
25 4233 7
25 4233 8
25 4234 0
25 4234 1
25 4234 2
25 4234 3
25 4234 4
25 4234 5
25 4234 6
25 4234 7
25 4234 8
26 4236 0
26 4236 1
26 4236 2
26 4236 3
26 4236 4
26 4236 5
26 4236 6
26 4236 7
26 4236 8
26 4237 0
26 4237 1
26 4237 2
26 4237 3
26 4237 4
26 4237 5
26 4237 6
26 4237 7
26 4237 8
26 4237 9
27 4239 0
27 4239 1
27 4239 2
27 4239 3
27 4239 4
27 4239 5
27 4239 6
27 4239 7
27 4239 8
27 4240 0
27 4240 1
27 4240 2
27 4240 3
27 4240 4
27 4240 5
27 4240 6
27 4240 7
27 4240 8
28 4242 0
28 4242 1
28 4242 2
28 4242 3
28 4242 4
28 4242 5
28 4242 6
28 4242 7
28 4242 8
28 4243 0
28 4243 1
28 4243 2
28 4243 3
28 4243 4
28 4243 5
28 4243 6
28 4243 7
28 4243 8
29 4245 0
29 4245 1
29 4245 2
29 4245 3
29 4245 4
29 4245 5
29 4245 6
29 4245 7
29 4245 8
29 4246 0
29 4246 1
29 4246 2
29 4246 3
29 4246 4
29 4246 5
29 4246 6
29 4246 7
29 4246 8
30 4248 0
30 4248 1
30 4248 2
30 4248 3
30 4248 4
30 4248 5
30 4248 6
30 4248 7
30 4248 8
30 4249 0
30 4249 1
30 4249 2
30 4249 3
30 4249 4
30 4249 5
30 4249 6
30 4249 7
30 4249 8
31 4251 0
31 4251 1
31 4251 2
31 4251 3
31 4251 4
31 4251 5
31 4251 6
31 4251 7
31 4251 8
31 4252 0
31 4252 1
31 4252 2
31 4252 3
31 4252 4
31 4252 5
31 4252 6
31 4252 7
31 4252 8
32 4254 0
32 4254 1
32 4254 2
32 4254 3
32 4254 4
32 4254 5
32 4254 6
32 4254 7
32 4254 8
32 4255 0
32 4255 1
32 4255 2
32 4255 3
32 4255 4
32 4255 5
32 4255 6
32 4255 7
32 4255 8
33 4257 0
33 4257 1
33 4257 2
33 4257 3
33 4257 4
33 4257 5
33 4257 6
33 4257 7
33 4257 8
33 4258 0
33 4258 1
33 4258 2
33 4258 3
33 4258 4
33 4258 5
33 4258 6
33 4258 7
33 4258 8
34 4260 0
34 4260 1
34 4260 2
34 4260 3
34 4260 4
34 4260 5
34 4260 6
34 4260 7
34 4260 8
34 4261 0
34 4261 1
34 4261 2
34 4261 3
34 4261 4
34 4261 5
34 4261 6
34 4261 7
34 4261 8
35 4263 0
35 4263 1
35 4263 2
35 4263 3
35 4263 4
35 4263 5
35 4263 6
35 4263 7
35 4263 8
35 4264 0
35 4264 1
35 4264 2
35 4264 3
35 4264 4
35 4264 5
35 4264 6
35 4264 7
35 4264 8
35 4264 9
36 4266 0
36 4266 1
36 4266 2
36 4266 3
36 4266 4
36 4266 5
36 4266 6
36 4266 7
36 4266 8
36 4266 9
36 4267 0
36 4267 1
36 4267 2
36 4267 3
36 4267 4
36 4267 5
36 4267 6
36 4267 7
36 4267 8
37 4269 0
37 4269 1
37 4269 2
37 4269 3
37 4269 4
37 4269 5
37 4269 6
37 4269 7
37 4269 8
37 4270 0
37 4270 1
37 4270 2
37 4270 3
37 4270 4
37 4270 5
37 4270 6
37 4270 7
37 4270 8
38 4272 0
38 4272 1
38 4272 2
38 4272 3
38 4272 4
38 4272 5
38 4272 6
38 4272 7
38 4272 8
38 4273 0
38 4273 1
38 4273 2
38 4273 3
38 4273 4
38 4273 5
38 4273 6
38 4273 7
38 4273 8
39 4275 0
39 4275 1
39 4275 2
39 4275 3
39 4275 4
39 4275 5
39 4275 6
39 4275 7
39 4275 8
39 4276 0
39 4276 1
39 4276 2
39 4276 3
39 4276 4
39 4276 5
39 4276 6
39 4276 7
39 4276 8
40 4278 0
40 4278 1
40 4278 2
40 4278 3
40 4278 4
40 4278 5
40 4278 6
40 4278 7
40 4278 8
40 4278 9
40 4278 10
40 4279 0
40 4279 1
40 4279 2
40 4279 3
40 4279 4
40 4279 5
40 4279 6
40 4279 7
40 4279 8
40 4279 9
41 4281 0
41 4281 1
41 4281 2
41 4281 3
41 4281 4
41 4281 5
41 4281 6
41 4281 7
41 4282 0
41 4283 0
41 4284 0
41 4284 1
41 4284 2
41 4284 3
41 4285 0
41 4285 1
41 4286 0
41 4287 0
41 4288 0
41 4289 0
41 4289 1
41 4289 2
41 4289 3
41 4289 4
41 4289 5
41 4289 6
41 4289 7
41 4289 8
41 4289 9
42 4291 0
42 4291 1
42 4291 2
42 4291 3
42 4291 4
42 4291 5
42 4292 0
42 4292 1
42 4292 2
42 4292 3
42 4292 4
42 4292 5
42 4292 6
42 4292 7
42 4292 8
43 4294 0
43 4294 1
43 4294 2
43 4294 3
43 4294 4
43 4294 5
43 4294 6
43 4294 7
43 4294 8
43 4295 0
43 4295 1
43 4295 2
43 4295 3
43 4295 4
43 4295 5
43 4295 6
43 4295 7
43 4295 8
43 4295 9
44 4297 0
44 4297 1
44 4297 2
44 4297 3
44 4297 4
44 4297 5
44 4297 6
44 4297 7
44 4297 8
44 4297 9
44 4298 0
44 4298 1
44 4298 2
44 4298 3
44 4298 4
44 4298 5
44 4298 6
44 4298 7
44 4298 8
45 4300 0
45 4300 1
45 4300 2
45 4300 3
45 4300 4
45 4300 5
45 4300 6
45 4300 7
45 4300 8
45 4301 0
45 4301 1
45 4301 2
45 4301 3
45 4301 4
45 4301 5
45 4301 6
45 4301 7
45 4301 8
46 4303 0
46 4303 1
46 4303 2
46 4303 3
46 4303 4
46 4303 5
46 4303 6
46 4303 7
46 4303 8
46 4304 0
46 4304 1
46 4304 2
46 4304 3
46 4304 4
46 4304 5
46 4304 6
46 4304 7
46 4304 8
47 4306 0
47 4306 1
47 4306 2
47 4306 3
47 4306 4
47 4306 5
47 4306 6
47 4306 7
47 4306 8
47 4306 9
47 4307 0
47 4307 1
47 4307 2
47 4307 3
47 4307 4
47 4307 5
47 4307 6
47 4307 7
47 4307 8
47 4307 9
48 4309 0
48 4309 1
48 4309 2
48 4309 3
48 4309 4
48 4309 5
48 4309 6
48 4309 7
48 4309 8
48 4310 0
48 4310 1
48 4310 2
48 4310 3
48 4310 4
48 4310 5
48 4310 6
48 4310 7
48 4310 8
48 4310 9
48 4310 10
48 4310 11
49 4312 0
49 4312 1
49 4312 2
49 4312 3
49 4312 4
49 4312 5
49 4312 6
49 4312 7
49 4312 8
49 4313 0
49 4313 1
49 4313 2
49 4313 3
49 4313 4
49 4313 5
49 4313 6
49 4313 7
49 4313 8
50 4315 0
50 4315 1
50 4315 2
50 4315 3
50 4315 4
50 4315 5
50 4315 6
50 4315 7
50 4315 8
50 4315 9
50 4316 0
50 4316 1
50 4316 2
50 4316 3
50 4316 4
50 4316 5
50 4316 6
50 4316 7
50 4316 8
51 4318 0
51 4318 1
51 4318 2
51 4318 3
51 4318 4
51 4318 5
51 4318 6
51 4318 7
51 4318 8
51 4319 0
51 4319 1
51 4319 2
51 4319 3
51 4319 4
51 4319 5
51 4319 6
51 4319 7
51 4319 8
52 4321 0
52 4321 1
52 4321 2
52 4321 3
52 4321 4
52 4321 5
52 4321 6
52 4321 7
52 4321 8
52 4321 9
52 4322 0
52 4322 1
52 4322 2
52 4322 3
52 4322 4
52 4322 5
52 4322 6
52 4322 7
52 4322 8
52 4322 9
53 4324 0
53 4324 1
53 4324 2
53 4325 0
53 4325 1
53 4325 2
53 4325 3
53 4325 4
53 4325 5
53 4325 6
53 4325 7
53 4325 8
53 4326 0
53 4326 1
53 4326 2
53 4326 3
53 4326 4
53 4326 5
53 4326 6
53 4326 7
53 4326 8
54 4328 0
54 4328 1
54 4328 2
54 4328 3
54 4328 4
54 4328 5
54 4328 6
54 4328 7
54 4328 8
54 4329 0
54 4329 1
54 4329 2
54 4329 3
54 4329 4
54 4329 5
54 4329 6
54 4329 7
54 4329 8
54 4329 9
55 4331 0
55 4331 1
55 4331 2
55 4331 3
55 4331 4
55 4331 5
55 4331 6
55 4331 7
55 4331 8
55 4332 0
55 4332 1
55 4332 2
55 4332 3
55 4332 4
55 4332 5
55 4332 6
55 4332 7
55 4332 8
56 4334 0
56 4334 1
56 4334 2
56 4334 3
56 4334 4
56 4334 5
56 4334 6
56 4334 7
56 4334 8
56 4335 0
56 4335 1
56 4335 2
56 4335 3
56 4335 4
56 4335 5
56 4335 6
56 4335 7
56 4335 8
56 4335 9
57 4337 0
57 4337 1
57 4337 2
57 4337 3
57 4337 4
57 4337 5
57 4337 6
57 4337 7
57 4337 8
57 4338 0
57 4338 1
57 4338 2
57 4338 3
57 4338 4
57 4338 5
57 4338 6
57 4338 7
57 4338 8
58 4340 0
58 4340 1
58 4340 2
58 4340 3
58 4340 4
58 4340 5
58 4340 6
58 4340 7
58 4340 8
58 4341 0
58 4341 1
58 4341 2
58 4341 3
58 4341 4
58 4341 5
58 4341 6
58 4341 7
58 4341 8
59 4343 0
59 4343 1
59 4343 2
59 4343 3
59 4343 4
59 4343 5
59 4343 6
59 4343 7
59 4343 8
59 4343 9
59 4344 0
59 4344 1
59 4344 2
59 4344 3
59 4344 4
59 4344 5
59 4344 6
59 4344 7
59 4344 8
59 4344 9
60 4346 0
60 4346 1
60 4346 2
60 4346 3
60 4346 4
60 4346 5
60 4346 6
60 4346 7
60 4346 8
60 4346 9
60 4347 0
60 4347 1
60 4348 0
60 4349 0
61 4351 0
61 4353 0
61 4353 1
61 4354 0
61 4354 1
61 4354 2
61 4354 3
61 4355 0
61 4356 0
61 4358 0
61 4358 1
61 4359 0
61 4359 1
61 4359 2
61 4359 3
61 4359 4
61 4359 5
61 4359 6
61 4359 7
61 4359 8
62 4361 0
62 4361 1
62 4361 2
62 4361 3
62 4361 4
62 4361 5
62 4361 6
62 4361 7
62 4361 8
62 4361 9
62 4362 0
62 4362 1
62 4362 2
62 4362 3
62 4362 4
62 4362 5
62 4362 6
62 4362 7
62 4362 8
63 4364 0
63 4365 0
63 4366 0
63 4367 0
63 4368 0
63 4368 1
63 4368 2
63 4368 3
63 4368 4
63 4368 5
63 4368 6
63 4368 7
63 4368 8
63 4368 9
63 4368 10
63 4368 11
63 4368 12
63 4368 13
63 4368 14
63 4368 15
63 4368 16
63 4368 17
63 4368 18
63 4368 19
63 4368 20
63 4368 21
63 4368 22
63 4369 0
63 4369 1
63 4369 2
63 4369 3
63 4369 4
63 4369 5
63 4369 6
63 4369 7
63 4369 8
63 4369 9
63 4369 10
63 4369 11
63 4369 12
63 4369 13
63 4369 14
63 4369 15
63 4369 16
63 4369 17
63 4369 18
63 4369 19
63 4369 20
63 4370 0
63 4371 0
63 4371 1
63 4371 2
63 4371 3
63 4371 4
63 4371 5
63 4371 6
63 4372 0
63 4372 1
64 4374 0
64 4374 1
64 4374 2
64 4374 3
64 4374 4
64 4374 5
64 4374 6
64 4374 7
64 4374 8
64 4374 9
64 4374 10
64 4374 11
64 4375 0
64 4375 1
64 4375 2
64 4375 3
64 4375 4
64 4375 5
64 4375 6
64 4375 7
64 4375 8
65 4377 0
65 4377 1
65 4377 2
65 4377 3
65 4377 4
65 4377 5
65 4377 6
65 4377 7
65 4377 8
65 4378 0
65 4378 1
65 4378 2
65 4378 3
65 4378 4
65 4378 5
65 4378 6
65 4378 7
65 4378 8
65 4378 9
66 4380 0
66 4380 1
66 4380 2
66 4380 3
66 4380 4
66 4380 5
66 4380 6
66 4380 7
66 4380 8
66 4380 9
66 4380 10
66 4380 11
66 4381 0
66 4381 1
66 4381 2
66 4381 3
66 4381 4
66 4381 5
66 4381 6
66 4381 7
66 4381 8
67 4383 0
67 4383 1
67 4383 2
67 4383 3
67 4383 4
67 4383 5
67 4383 6
67 4383 7
67 4383 8
67 4383 9
67 4383 10
67 4383 11
67 4383 12
67 4383 13
68 4385 0
68 4385 1
68 4385 2
68 4385 3
68 4385 4
68 4385 5
68 4385 6
68 4385 7
68 4385 8
68 4386 0
68 4386 1
68 4386 2
68 4386 3
68 4386 4
68 4386 5
68 4386 6
68 4386 7
68 4386 8
69 4388 0
69 4388 1
69 4388 2
69 4388 3
69 4388 4
69 4388 5
69 4388 6
69 4388 7
69 4388 8
69 4388 9
69 4389 0
69 4389 1
69 4389 2
69 4389 3
69 4389 4
69 4389 5
69 4389 6
69 4389 7
69 4389 8
69 4389 9
70 4391 0
70 4391 1
70 4391 2
70 4391 3
70 4391 4
70 4391 5
70 4391 6
70 4391 7
70 4391 8
70 4391 9
70 4392 0
70 4392 1
70 4392 2
70 4392 3
70 4392 4
70 4392 5
70 4392 6
70 4392 7
70 4392 8
71 4394 0
71 4394 1
71 4394 2
71 4394 3
71 4394 4
71 4394 5
71 4394 6
71 4394 7
71 4394 8
71 4394 9
71 4396 0
71 4396 1
71 4396 2
71 4396 3
71 4396 4
71 4396 5
71 4396 6
71 4396 7
71 4396 8
71 4396 9
72 4398 0
72 4398 1
72 4398 2
72 4398 3
72 4398 4
72 4398 5
72 4398 6
72 4398 7
72 4398 8
72 4399 0
72 4399 1
72 4399 2
72 4399 3
72 4399 4
72 4399 5
72 4399 6
72 4399 7
72 4399 8
73 4401 0
73 4401 1
73 4401 2
73 4401 3
73 4401 4
73 4401 5
73 4401 6
73 4401 7
73 4401 8
73 4402 0
73 4402 1
73 4402 2
73 4402 3
73 4402 4
73 4402 5
73 4402 6
73 4402 7
73 4402 8
73 4402 9
74 4404 0
74 4404 1
74 4404 2
74 4404 3
74 4404 4
74 4404 5
74 4404 6
74 4404 7
74 4404 8
74 4405 0
74 4405 1
74 4405 2
74 4405 3
74 4405 4
74 4405 5
74 4405 6
74 4405 7
74 4405 8
75 4407 0
75 4407 1
75 4407 2
75 4407 3
75 4407 4
75 4407 5
75 4407 6
75 4407 7
75 4407 8
75 4407 9
75 4408 0
75 4408 1
75 4408 2
75 4408 3
75 4408 4
75 4409 0
75 4410 0
75 4411 0
75 4412 0
75 4413 0
75 4414 0
75 4415 0
75 4415 1
75 4415 2
75 4416 0
75 4417 0
75 4418 0
75 4419 0
75 4420 0
75 4421 0
75 4422 0
75 4423 0
76 4425 0
76 4425 1
76 4425 2
76 4425 3
76 4425 4
76 4425 5
76 4425 6
76 4425 7
76 4425 8
76 4426 0
76 4426 1
76 4426 2
76 4426 3
76 4426 4
76 4426 5
76 4426 6
76 4426 7
76 4426 8
77 4428 0
77 4428 1
77 4428 2
77 4428 3
77 4428 4
77 4428 5
77 4428 6
77 4428 7
77 4428 8
77 4429 0
77 4429 1
77 4429 2
77 4429 3
77 4429 4
77 4429 5
77 4429 6
77 4429 7
77 4429 8
78 4431 0
78 4431 1
78 4431 2
78 4431 3
78 4431 4
78 4431 5
78 4431 6
78 4431 7
78 4431 8
78 4432 0
78 4432 1
78 4432 2
78 4432 3
78 4432 4
78 4432 5
78 4432 6
78 4432 7
78 4432 8
79 4434 0
79 4434 1
79 4434 2
79 4434 3
79 4434 4
79 4434 5
79 4434 6
79 4434 7
79 4434 8
79 4435 0
79 4435 1
79 4435 2
79 4435 3
79 4435 4
79 4435 5
79 4435 6
79 4435 7
79 4435 8
80 4437 0
80 4437 1
80 4437 2
80 4437 3
80 4437 4
80 4437 5
80 4437 6
80 4437 7
80 4437 8
80 4438 0
80 4438 1
80 4438 2
80 4438 3
80 4438 4
80 4438 5
80 4438 6
80 4438 7
80 4438 8
81 4440 0
81 4440 1
81 4440 2
81 4440 3
81 4440 4
81 4440 5
81 4440 6
81 4440 7
81 4440 8
81 4441 0
81 4441 1
81 4441 2
81 4441 3
81 4441 4
81 4441 5
81 4441 6
81 4441 7
81 4441 8
82 4443 0
82 4443 1
82 4443 2
82 4443 3
82 4443 4
82 4443 5
82 4443 6
82 4443 7
82 4443 8
82 4443 9
82 4444 0
82 4444 1
82 4444 2
82 4444 3
82 4444 4
82 4444 5
82 4444 6
82 4444 7
82 4444 8
83 4446 0
83 4446 1
83 4446 2
83 4446 3
83 4446 4
83 4446 5
83 4446 6
83 4446 7
83 4446 8
83 4447 0
83 4447 1
83 4447 2
83 4447 3
83 4447 4
83 4447 5
83 4447 6
83 4447 7
83 4447 8
84 4449 0
84 4449 1
84 4449 2
84 4449 3
84 4449 4
84 4449 5
84 4449 6
84 4449 7
84 4449 8
84 4449 9
84 4449 10
84 4450 0
84 4450 1
84 4450 2
84 4450 3
84 4450 4
84 4450 5
84 4450 6
84 4450 7
84 4450 8
85 4452 0
85 4452 1
85 4452 2
85 4452 3
85 4452 4
85 4452 5
85 4452 6
85 4452 7
85 4452 8
85 4452 9
85 4452 10
85 4453 0
85 4453 1
85 4453 2
85 4453 3
85 4453 4
85 4453 5
85 4453 6
85 4453 7
85 4453 8
86 4455 0
86 4455 1
86 4455 2
86 4455 3
86 4455 4
86 4455 5
86 4455 6
86 4455 7
86 4455 8
86 4455 9
86 4456 0
86 4456 1
86 4456 2
86 4456 3
86 4456 4
86 4456 5
86 4456 6
86 4456 7
86 4456 8
87 4458 0
87 4458 1
87 4458 2
87 4458 3
87 4458 4
87 4458 5
87 4458 6
87 4458 7
87 4458 8
87 4458 9
87 4459 0
87 4459 1
87 4459 2
87 4459 3
87 4459 4
87 4459 5
87 4459 6
87 4459 7
87 4459 8
88 4461 0
88 4461 1
88 4461 2
88 4461 3
88 4461 4
88 4461 5
88 4461 6
88 4461 7
88 4461 8
88 4462 0
88 4462 1
88 4462 2
88 4462 3
88 4462 4
88 4462 5
88 4462 6
88 4462 7
88 4462 8
88 4462 9
89 4464 0
89 4464 1
89 4464 2
89 4464 3
89 4464 4
89 4464 5
89 4464 6
89 4464 7
89 4464 8
89 4465 0
89 4465 1
89 4465 2
89 4465 3
89 4465 4
89 4465 5
89 4465 6
89 4465 7
89 4465 8
90 4467 0
90 4467 1
90 4467 2
90 4467 3
90 4467 4
90 4467 5
90 4467 6
90 4467 7
90 4467 8
90 4468 0
90 4468 1
90 4468 2
90 4468 3
90 4468 4
90 4468 5
90 4468 6
90 4468 7
90 4468 8
91 4470 0
91 4471 0
91 4472 0
91 4473 0
91 4474 0
92 4476 0
92 4477 0
92 4478 0
92 4479 0
92 4480 0
92 4481 0
93 4483 0
93 4484 0
93 4485 0
93 4486 0
93 4487 0
93 4488 0
93 4489 0
93 4490 0
93 4492 0
93 4493 0
93 4494 0
94 4496 0
94 4497 0
95 4499 0
96 4501 0
96 4502 0
97 4504 0
97 4505 0
98 4507 0
98 4508 0
99 4510 0
99 4511 0
100 4513 0
100 4514 0
101 4516 0
101 4517 0
102 4519 0
102 4520 0
102 4521 0
103 4523 0
103 4524 0
104 4526 0
104 4527 0
105 4529 0
105 4530 0
106 4532 0
106 4533 0
107 4535 0
107 4536 0
107 4537 0
107 4538 0
107 4539 0
107 4540 0
107 4541 0
107 4542 0
107 4543 0
107 4544 0
107 4545 0
107 4546 0
107 4547 0
108 4549 0
108 4550 0
109 4552 0
109 4553 0
109 4554 0
110 4556 0
110 4557 0
111 4559 0
111 4560 0
112 4562 0
112 4563 0
113 4565 0
113 4566 0
114 4568 0
114 4569 0
115 4571 0
115 4572 0
116 4574 0
116 4575 0
116 4576 0
116 4577 0
117 4579 0
117 4580 0
118 4582 0
118 4583 0
119 4585 0
119 4586 0
119 4587 0
119 4589 0
119 4590 0
119 4591 0
119 4592 0
119 4593 0
119 4594 0
119 4595 0
119 4596 0
119 4597 0
119 4598 0
119 4599 0
119 4600 0
119 4601 0
120 4603 0
120 4604 0
120 4605 0
120 4606 0
121 4608 0
121 4609 0
122 4611 0
122 4612 0
123 4614 0
123 4615 0
124 4617 0
124 4618 0
124 4619 0
124 4620 0
124 4621 0
125 4623 0
125 4624 0
125 4625 0
125 4626 0
125 4627 0
125 4628 0
125 4629 0
125 4630 0
125 4631 0
125 4632 0
125 4633 0
125 4634 0
125 4635 0
125 4636 0
125 4637 0
125 4638 0
125 4639 0
125 4640 0
125 4641 0
125 4642 0
125 4643 0
125 4644 0
125 4645 0
125 4646 0
125 4647 0
125 4648 0
125 4649 0
125 4650 0
126 4652 0
126 4653 0
127 4655 0
127 4656 0
127 4657 0
127 4658 0
127 4659 0
127 4660 0
127 4661 0
127 4662 0
128 4664 0
128 4665 0
128 4666 0
129 4668 0
129 4669 0
130 4671 0
130 4672 0
131 4674 0
131 4675 0
132 4677 0
132 4678 0
133 4680 0
133 4681 0
134 4683 0
134 4684 0
135 4686 0
135 4687 0
136 4689 0
136 4690 0
137 4692 0
137 4693 0
138 4695 0
139 4697 0
139 4698 0
140 4700 0
140 4701 0
141 4703 0
141 4704 0
142 4706 0
142 4707 0
143 4709 0
143 4710 0
144 4712 0
144 4713 0
145 4715 0
145 4716 0
146 4718 0
147 4720 0
147 4721 0
147 4722 0
147 4723 0
147 4724 0
147 4725 0
147 4726 0
148 4728 0
148 4729 0
149 4731 0
149 4732 0
150 4734 0
150 4735 0
151 4737 0
151 4738 0
152 4740 0
152 4741 0
153 4743 0
153 4744 0
154 4746 0
154 4747 0
155 4749 0
155 4750 0
156 4752 0
156 4753 0
157 4755 0
157 4756 0
158 4758 0
158 4759 0
159 4761 0
159 4762 0
160 4764 0
160 4766 0
160 4767 0
160 4768 0
160 4769 0
160 4770 0
161 4772 0
161 4773 0
162 4775 0
162 4776 0
162 4777 0
162 4778 0
162 4779 0
162 4780 0
162 4781 0
163 4783 0
163 4784 0
164 4786 0
164 4787 0
165 4789 0
165 4790 0
166 4792 0
166 4793 0
167 4795 0
167 4796 0
168 4798 0
168 4799 0
169 4801 0
169 4802 0
170 4804 0
170 4805 0
171 4807 0
171 4808 0
172 4810 0
172 4810 1
172 4810 2
172 4810 3
172 4810 4
172 4810 5
172 4810 6
172 4810 7
172 4811 0
172 4811 1
172 4811 2
172 4811 3
172 4811 4
172 4811 5
172 4811 6
172 4811 7
173 4813 0
173 4813 1
173 4813 2
173 4813 3
173 4813 4
173 4813 5
173 4813 6
173 4813 7
173 4814 0
173 4814 1
173 4814 2
173 4814 3
173 4814 4
173 4814 5
173 4814 6
173 4814 7
174 4816 0
174 4816 1
174 4816 2
174 4816 3
174 4816 4
174 4816 5
174 4816 6
174 4816 7
174 4817 0
174 4817 1
174 4817 2
174 4817 3
174 4817 4
174 4817 5
174 4817 6
174 4817 7
175 4819 0
175 4819 1
175 4819 2
175 4819 3
175 4819 4
175 4819 5
175 4819 6
175 4819 7
175 4820 0
175 4820 1
175 4820 2
175 4820 3
175 4820 4
175 4820 5
175 4820 6
175 4820 7
176 4822 0
176 4822 1
176 4822 2
176 4822 3
176 4822 4
176 4822 5
176 4822 6
176 4822 7
176 4823 0
176 4823 1
176 4823 2
176 4823 3
176 4823 4
176 4823 5
176 4823 6
176 4823 7
177 4825 0
177 4825 1
177 4825 2
177 4825 3
177 4825 4
177 4825 5
177 4825 6
177 4825 7
177 4825 8
177 4825 9
177 4825 10
177 4825 11
177 4825 12
177 4825 13
177 4825 14
178 4827 0
178 4827 1
178 4827 2
178 4827 3
178 4827 4
178 4827 5
178 4827 6
178 4827 7
178 4827 8
178 4827 9
178 4827 10
178 4827 11
178 4827 12
178 4827 13
178 4827 14
179 4829 0
179 4829 1
179 4829 2
179 4829 3
179 4829 4
179 4829 5
179 4829 6
179 4829 7
179 4829 8
179 4829 9
179 4829 10
179 4829 11
179 4829 12
179 4829 13
179 4829 14
180 4831 0
180 4831 1
180 4831 2
180 4831 3
180 4831 4
180 4831 5
180 4831 6
180 4831 7
180 4831 8
180 4831 9
180 4831 10
180 4831 11
180 4831 12
180 4831 13
180 4831 14
181 4833 0
181 4833 1
181 4833 2
181 4833 3
181 4833 4
181 4833 5
181 4833 6
181 4833 7
181 4833 8
181 4833 9
181 4833 10
181 4833 11
181 4833 12
181 4833 13
181 4833 14
182 4835 0
182 4835 1
182 4835 2
182 4835 3
182 4835 4
182 4835 5
182 4835 6
182 4835 7
182 4835 8
182 4835 9
182 4835 10
182 4835 11
182 4835 12
182 4835 13
182 4835 14
182 4835 15
182 4836 0
183 4838 0
183 4838 1
183 4838 2
183 4838 3
183 4838 4
183 4838 5
183 4838 6
183 4838 7
183 4838 8
183 4838 9
183 4838 10
183 4838 11
183 4838 12
183 4838 13
183 4838 14
184 4840 0
184 4840 1
184 4840 2
184 4840 3
184 4840 4
184 4840 5
184 4840 6
184 4840 7
184 4840 8
184 4840 9
184 4840 10
184 4840 11
184 4840 12
184 4840 13
184 4840 14
184 4840 15
185 4842 0
185 4842 1
185 4842 2
185 4842 3
185 4842 4
185 4842 5
185 4842 6
185 4842 7
185 4842 8
185 4842 9
185 4842 10
185 4842 11
185 4842 12
185 4842 13
185 4842 14
185 4842 15
186 4844 0
186 4844 1
186 4844 2
186 4844 3
186 4844 4
186 4844 5
186 4844 6
186 4844 7
186 4844 8
186 4844 9
186 4844 10
186 4844 11
186 4844 12
186 4844 13
186 4844 14
186 4844 15
187 4846 0
187 4846 1
187 4846 2
187 4846 3
187 4846 4
187 4846 5
187 4846 6
187 4846 7
187 4846 8
187 4846 9
187 4846 10
187 4846 11
187 4846 12
187 4846 13
187 4846 14
188 4848 0
188 4848 1
188 4848 2
188 4848 3
188 4848 4
188 4848 5
188 4848 6
188 4848 7
188 4848 8
188 4848 9
188 4848 10
188 4848 11
188 4848 12
188 4848 13
188 4848 14
188 4848 15
189 4850 0
189 4850 1
189 4850 2
189 4850 3
189 4850 4
189 4850 5
189 4850 6
189 4850 7
189 4850 8
189 4850 9
189 4850 10
189 4850 11
189 4850 12
189 4850 13
189 4850 14
190 4852 0
190 4852 1
190 4852 2
190 4852 3
190 4852 4
190 4852 5
190 4852 6
190 4852 7
190 4852 8
190 4852 9
190 4852 10
190 4852 11
190 4852 12
190 4852 13
190 4852 14
191 4854 0
191 4854 1
191 4854 2
191 4854 3
191 4854 4
191 4854 5
191 4854 6
191 4854 7
191 4854 8
191 4854 9
191 4854 10
191 4854 11
191 4854 12
191 4854 13
191 4854 14
191 4854 15
192 4856 0
192 4856 1
192 4856 2
192 4856 3
192 4856 4
192 4856 5
192 4856 6
192 4856 7
192 4856 8
192 4856 9
192 4856 10
192 4856 11
192 4856 12
192 4856 13
192 4856 14
192 4856 15
193 4858 0
193 4858 1
193 4858 2
193 4858 3
193 4858 4
193 4858 5
193 4858 6
193 4858 7
193 4858 8
193 4858 9
193 4858 10
193 4858 11
193 4858 12
193 4858 13
193 4858 14
193 4858 15
194 4860 0
194 4860 1
194 4860 2
194 4860 3
194 4860 4
194 4860 5
194 4860 6
194 4860 7
194 4860 8
194 4860 9
194 4860 10
194 4860 11
194 4860 12
194 4860 13
194 4860 14
194 4860 15
195 4862 0
195 4862 1
195 4862 2
195 4862 3
195 4862 4
195 4862 5
195 4862 6
195 4862 7
195 4862 8
195 4862 9
195 4862 10
195 4862 11
195 4862 12
195 4862 13
195 4862 14
195 4862 15
196 4864 0
196 4864 1
196 4864 2
196 4864 3
196 4864 4
196 4864 5
196 4864 6
196 4864 7
196 4864 8
196 4864 9
196 4864 10
196 4864 11
196 4864 12
196 4864 13
196 4864 14
197 4866 0
197 4866 1
197 4866 2
197 4866 3
197 4866 4
197 4866 5
197 4866 6
197 4866 7
197 4866 8
197 4866 9
197 4866 10
197 4866 11
197 4866 12
197 4866 13
197 4866 14
198 4868 0
198 4868 1
198 4868 2
198 4868 3
198 4868 4
198 4868 5
198 4868 6
198 4868 7
198 4868 8
198 4868 9
198 4868 10
198 4868 11
198 4868 12
198 4868 13
198 4868 14
198 4868 15
198 4868 16
199 4870 0
199 4870 1
199 4870 2
199 4870 3
199 4870 4
199 4870 5
199 4870 6
199 4870 7
199 4870 8
199 4870 9
199 4870 10
199 4870 11
199 4870 12
200 4872 0
200 4872 1
200 4872 2
200 4872 3
200 4872 4
200 4872 5
200 4872 6
200 4872 7
200 4872 8
200 4872 9
200 4872 10
200 4872 11
200 4872 12
200 4872 13
200 4872 14
200 4872 15
200 4872 16
201 4874 0
201 4874 1
201 4874 2
201 4874 3
201 4874 4
201 4874 5
201 4874 6
201 4874 7
201 4874 8
201 4874 9
201 4874 10
201 4874 11
201 4874 12
201 4874 13
201 4874 14
201 4875 0
201 4875 1
202 4877 0
202 4877 1
202 4877 2
202 4877 3
202 4877 4
202 4877 5
202 4877 6
202 4877 7
202 4877 8
202 4877 9
202 4877 10
202 4877 11
202 4877 12
202 4877 13
202 4877 14
203 4879 0
203 4879 1
203 4879 2
203 4879 3
203 4879 4
203 4879 5
203 4879 6
203 4879 7
203 4879 8
203 4879 9
203 4879 10
203 4879 11
203 4879 12
203 4879 13
203 4879 14
204 4881 0
204 4881 1
204 4881 2
204 4881 3
204 4881 4
204 4881 5
204 4881 6
204 4881 7
204 4881 8
204 4881 9
204 4881 10
204 4881 11
204 4881 12
204 4881 13
204 4881 14
205 4883 0
205 4883 1
205 4883 2
205 4883 3
205 4884 0
205 4884 1
205 4884 2
205 4884 3
205 4884 4
205 4884 5
205 4885 0
205 4886 0
205 4886 1
205 4886 2
206 4888 0
206 4889 0
206 4889 1
206 4889 2
206 4889 3
206 4889 4
206 4889 5
206 4889 6
206 4889 7
206 4889 8
206 4889 9
206 4889 10
206 4889 11
206 4889 12
206 4889 13
206 4889 14
207 4891 0
207 4891 1
207 4891 2
207 4891 3
207 4891 4
207 4891 5
207 4891 6
207 4892 0
207 4892 1
207 4892 2
207 4892 3
207 4892 4
207 4892 5
207 4892 6
207 4892 7
207 4892 8
207 4892 9
208 4894 0
208 4894 1
208 4894 2
208 4894 3
208 4894 4
208 4894 5
208 4894 6
208 4894 7
208 4894 8
208 4894 9
208 4894 10
208 4894 11
208 4894 12
208 4894 13
208 4894 14
209 4896 0
209 4896 1
209 4896 2
209 4896 3
209 4896 4
209 4896 5
209 4896 6
209 4896 7
209 4896 8
209 4896 9
209 4896 10
209 4896 11
209 4896 12
209 4896 13
209 4896 14
210 4898 0
210 4898 1
210 4898 2
210 4898 3
210 4898 4
210 4898 5
210 4898 6
210 4898 7
210 4898 8
210 4898 9
210 4898 10
210 4898 11
210 4898 12
210 4898 13
210 4898 14
211 4900 0
211 4900 1
211 4900 2
211 4900 3
211 4900 4
211 4900 5
211 4900 6
211 4900 7
211 4900 8
211 4900 9
211 4900 10
211 4900 11
211 4900 12
211 4900 13
211 4900 14
211 4900 15
212 4902 0
212 4902 1
212 4902 2
212 4902 3
212 4902 4
212 4902 5
212 4902 6
212 4902 7
212 4902 8
212 4902 9
212 4902 10
212 4902 11
212 4902 12
212 4902 13
212 4902 14
213 4904 0
213 4904 1
213 4904 2
213 4904 3
213 4904 4
213 4904 5
213 4904 6
213 4904 7
213 4904 8
213 4904 9
213 4904 10
213 4904 11
213 4904 12
213 4904 13
213 4904 14
214 4906 0
214 4906 1
214 4906 2
214 4906 3
214 4906 4
214 4906 5
214 4906 6
214 4906 7
214 4906 8
214 4906 9
214 4906 10
214 4906 11
214 4906 12
214 4906 13
214 4906 14
214 4906 15
215 4908 0
215 4908 1
215 4908 2
215 4908 3
215 4908 4
215 4908 5
215 4908 6
215 4908 7
215 4908 8
215 4908 9
215 4908 10
215 4908 11
215 4908 12
215 4908 13
215 4908 14
215 4908 15
216 4910 0
216 4910 1
216 4910 2
216 4910 3
216 4910 4
216 4910 5
216 4910 6
216 4910 7
216 4910 8
216 4910 9
216 4910 10
216 4910 11
216 4910 12
216 4910 13
216 4910 14
217 4912 0
217 4912 1
217 4912 2
217 4912 3
217 4912 4
217 4912 5
217 4912 6
217 4912 7
217 4912 8
217 4912 9
217 4912 10
217 4912 11
217 4912 12
217 4912 13
217 4912 14
218 4914 0
218 4914 1
218 4914 2
218 4914 3
218 4914 4
218 4914 5
218 4914 6
218 4914 7
218 4914 8
218 4914 9
218 4914 10
219 4916 0
219 4916 1
219 4916 2
219 4916 3
219 4916 4
219 4916 5
219 4916 6
219 4916 7
219 4916 8
219 4916 9
219 4916 10
219 4916 11
220 4918 0
220 4918 1
220 4918 2
220 4918 3
220 4918 4
220 4918 5
220 4918 6
220 4918 7
220 4918 8
220 4918 9
220 4918 10
220 4918 11
220 4918 12
220 4918 13
220 4918 14
220 4918 15
221 4920 0
221 4920 1
221 4920 2
221 4920 3
221 4920 4
221 4920 5
221 4920 6
221 4920 7
222 4922 0
222 4922 1
222 4922 2
222 4922 3
222 4922 4
222 4922 5
222 4923 0
222 4923 1
222 4923 2
222 4923 3
222 4923 4
222 4923 5
222 4923 6
222 4923 7
241 4943 0
241 4943 1
241 4943 2
241 4943 3
241 4943 4
241 4943 5
241 4943 6
241 4943 7
241 4943 8
241 4943 9
241 4943 10
241 4943 11
241 4943 12
241 4943 13
241 4943 14
241 4943 15
241 4943 16
241 4943 17
246 4949 0
246 4949 1
246 4949 2
246 4949 3
246 4949 4
246 4949 5
246 4949 6
246 4949 7
246 4949 8
246 4949 9
246 4949 10
246 4949 11
246 4949 12
246 4949 13
246 4949 14
246 4949 15
261 4965 0
261 4965 1
261 4965 2
261 4965 3
261 4965 4
261 4965 5
261 4965 6
261 4965 7
261 4965 8
261 4965 9
261 4965 10
261 4965 11
261 4966 0
261 4967 0
261 4968 0
261 4969 0
261 4970 0
261 4971 0
261 4972 0
261 4973 0
261 4974 0
261 4975 0
283 5000 0
283 5001 0
283 5002 0
283 5003 0
284 5006 0
284 5006 1
284 5006 2
284 5006 3
284 5006 4
284 5006 5
284 5006 6
284 5006 7
284 5006 8
284 5006 9
284 5006 10
284 5006 11
284 5006 12
284 5007 0
284 5008 0
284 5009 0
284 5010 0
284 5010 1
284 5010 2
284 5010 3
284 5011 0
284 5012 0
284 5013 0
284 5014 0
284 5015 0
284 5015 1
